{"cameraMode":{"drawMode":0,"name":"Shaded","section":"Shading Mode"},"sceneLighting":true,"audioPlay":false,"sceneViewState":{"showFog":true,"showMaterialUpdate":true,"showSkybox":true,"showFlares":true,"showImageEffects":true,"showParticleSystems":true},"in2DMode":false,"pivot":{"x":1.405873417854309,"y":-2.7675342559814455,"z":1.4745430946350098},"rotation":{"x":0.42111915349960329,"y":0.3443797826766968,"z":-0.17681489884853364,"w":0.8202650547027588},"size":4.048059940338135,"orthographic":false}